Property City,Property Zip Code
Anaheim,92806
Lake Forest,92630
San Clemente,92673
Fountain Valley,92708
Fountain Valley,92708
Fountain Valley,92708
Fontana,92337
Santa Fe Springs,90670
Rancho Cucamonga,91730
Fontana,92337
Fountain Valley,92708
Fontana,92337
Fountain Valley,92708
Ontario,91761
Anaheim,92801
Fontana,92337
Rancho Cucamonga,91730
Upland,91730
Rancho Cucamonga,91730
Riverside,92503
Santa Fe Springs,90670
Fullerton,92805
Anaheim,92805
Garden Grove,92841
Ontario,91761
Garden Grove,92841
Garden Grove,92841
Santa Fe Springs,90670
Fontana,92335
Fullerton,92831
Corona,92879
Chino,91710
Chino,91710
Fontana,92337
Ontario,91710
March Air Reserve Base,92518
Norwalk,90650
Santa Fe Springs,90670
Ontario,91761
Fullerton,92831
Newport Beach,92663
Colton,92324
Rialto,92376
Fontana,92335
Tustin,92780
Fullerton,92831
Irvine,92606
Cerritos,90703
Ontario,91761
Rialto,92376
Ontario,91761
Redlands,92373
Irvine,92614
Seal Beach,90740
Victorville,92395
Long Beach,90802
Ontario,91761
Santa Ana,92705
Fountain Valley,92708
Ontario,91761
Foothill Ranch,92610
Foothill Ranch,92610
Perris,92570
Lake Forest,92610
Newport Beach,92660
Lake Forest,92630
Lake Forest,92630
Lake Forest,92630
Lake Forest,92630
Lake Forest,92630
Lake Forest,92630
San Clemente,92672
Orange,92865
San Clemente,92672
Ontario,91761
Lake Forest,92630
Ontario,91761
Corona Del Mar,92625
Fontana,92376
Ontario,91761
San Marcos,92069
San Marcos,92069
Carlsbad,92009
Rialto,92376
Chino,91710
Fullerton,92835
Ontario,91761
Orange,92865
Corona,92880
Anaheim,92807
Ontario,91761
Rialto,92376
San Bernardino,92408
La Palma,90623
Brea,92821
San Diego,92121
San Diego,92121
Santa Ana,92705
Commerce,90040
Riverside,92507
Riverside,92504
San Bernardino,92408
Huntington Beach,92647
Irvine,92618
Irvine,92618
Rancho Cucamonga,91730
Rancho Cucamonga,91730
Rancho Cucamonga,91730
Rancho Cucamonga,91730
Santa Fe Springs,90670
Rancho Cucamonga,91730
Rancho Cucamonga,91730
San Clemente,92673
Santa Fe Springs,90670
Anaheim,92801
Mission Viejo,92691
Lake Forest,92630
Oceanside,92057
Riverside,92508
San Diego,92121
Murrieta,92562
Tustin,92782
Laguna Hills,92653
San Clemente,92673
Diamond Bar,91765
Chino Hills,91709
Chino,91708
Placentia,92870
,
Anaheim Hills,92807
Anaheim,92801
Covina,91723
Covina,91723
Costa Mesa,92626
Cypress,90630
Irvine,92620
Placentia,92870
Escondido,92025
Tustin,92780
Tustin,92782
Laguna Beach,92651
Lake Forest,92630
Santa Ana,92704
Anaheim,92805
West Covina,91791
Santa Fe Springs,90670
Signal Hill,90755
Long Beach,90804
San Diego,92127
San Clemente,92673
Las Flores,92688
Lake Forest,92630
Hacienda Heights,91745
Costa Mesa,92627
Lake Forest,92630
Lake Forest,92630
,
Newport Beach,92660
Jurupa Valley,91752
Pico Rivera,90660
Fullerton,92833
Newport Beach,92660
Newport Beach,92661
Newport Beach,92660
Costa Mesa,92627
San Diego,92105
Encinitas,92024
Encinitas,92024
Oceanside,92057
Huntington Beach,92646
Murrieta,92562
Menifee,92584
Brea,92821-6232
San Diego,92101
San Diego,92127
Newport Beach,92660
Newport Beach,92660
San Clemente,92673
Moreno Valley,92555
El Cajon,92019
Corona,92882
Lake forest,92630
San Marcos,92078
Riverside,92501
Dana Point,92624
San Marcos,92078
Santa Ana,92704
Santa Ana,92705
Brea,92821
San Clemente,92672
Brea,92821
Garden Grove,92845
Newport Beach,92660
Orange,92865
Huntington Beach,92649
Chula Vista,91913
Laguna Beach,92651
Cerritos,90703
La Puente,91744
Santa Ana,92707
Brea,92821
Brea,92823
Vista,92081
Stanton,90680
Costa Mesa,92627
Rancho Cucamonga,91730
Costa Mesa,92627
Irvine,92618
Ontario,91761
Santa Ana,92704
Santa Ana,92704
Newport Beach,92660
Westminster,92683
Tustin,92782
Newport Beach,92660
Fontana,92337
Fontana,92337
Fontana,92337
Murrieta,92562
Carlsbad,92010
Redlands,92374
Encinitas,92024
Escondido,92027
Tustin,92782
Santa Ana,92707
Tustin,92782
Placentia,92870
Malibu,90265
Lake Forest,92630
Newport Beach,92660
Newport Beach,92660
Newport Beach,92660
Aliso Viejo,92656
San Juan Capistrano,92675
Laguna Niguel,92677
Inglewood,90305
San Diego,92128
San Diego,92130
Santa Fe Springs,90670
Brea,92821
Oceanside,92056
San Marcos,92069
San Diego,92119
La Habra,90631
San Clemente,92672
San Marcos,92078
Pasadena,91105
Westminster,92683
Norwalk,90650
Norwalk,90650
Cerritos,90703
Corona Del Mar,92625
Escondido,92027
Garden Grove,92841
Yucaipa,92399
Huntington Beach,92646
Yucaipa,92399
Santa Ana,92705
Corona,92881
Chino,91710
Laguna Beach,92651
Chula Vista,91910
Corona,92879
Fullerton,92832
Riverside,92503
Santa Ana,92705
San Diego,92116
Rancho Cucamonga,91730
Oceanside,92054
Irvine,92618
Fullerton,92831
Costa Mesa,92627
Fullerton,92831
Placentia,92870
Irvine,92612
Thousand Palms,92276
Laguna Niguel,92677
San Diego,92126
Costa Mesa,92663
Chino,91710
Brea,92821
Laguna Niguel,92677
Newport Beach,92660
Ontario,91761
Corona,92881
Laguna Niguel,92677
Newport Beach,92625
Laguna Niguel,92677
Rancho Cucamonga,91730
Los Alamitos,90720
Dana Point,92629
San Clemente,92672
Perris,92532
Alpine,91910
San Clemente,92673
San Diego,92130
San Diego,92014
Laguna Niguel,92677
Orange,92868
Orange,92867
Murrieta,92562
Newport Beach,92660
San Clemente,92672
Yucaipa,92399
Santa Ana,92705
Santa Ana,92707
Villa Park,92861
Oxnard,93030
Fontana,92336
Oxnard,93036
Huntington Beach,92646
Rialto,92376
Buena Park,90620
La Palma,90623
Lake forest,92630
Rancho Cucamonga,91730
Laguna Niguel,92677
Encinitas,92024
Escondido,92029
Riverside,92507
Irvine,92606
Ontario,91764
San Clemente,92673
Yorba Linda,
Yorba Linda,92886
Santa Ana,92707
San Diego,92128
Escondido,92026
Huntington Beach,92646
Jurupa Valley,92509
Walnut,91789
Orange,92869
Corona,92879
Oceanside,92057
El Cajon,92020
Chino Hills,91709
San Clemente,92673
Fullerton,92831
San Clemente,92673
Fountain Valley,92708
Fountain Valley,92708
Escondido,92029
Mission Viejo,92692
San Diego,92111
Mentone,92359
Fullerton,92832
Fullerton,92832
Fullerton,92832
Fontana,92336
Riverside,92503
Fullerton,92835
San Marcos,92069
Pomona,91767
Rosemead,91770
Oceanside,92054
Fullerton,92883
Costa Mesa,92626
San Clemente,92672
San Clemente,92672
Moreno Valley,92555
Anaheim,92807
Fountain Valley,92708
San Marcos,92069
Pacific Beach,92109
Huntington Beach,92646
Anaheim,92806
Newport Beach,92660
San Juan Capistrano,92675
Aliso Viejo,92656
Newport Beach,92660
Rancho Cucamonga,91730
Escondido,92027
El Cajon,92019
Seal Beach,90740
Carlsbad,92009
Escondido,92026
Escondido,92026
Riverside,92507
San Clemente,92673
Irvine,92606
Santa Ana,92705
Huntington Beach,92647
Huntington Beach,92648
Highland,92346
Imperial Beach,91932
Newport Beach,92660
Irvine,92618
Irvine,92620
Newport Beach,92625
Irvine,92618
Temecula,92591
Rosemead,91770
Oceanside,92056
Tustin,92780
Chula Vista,91911
Riverside,92518
Placentia,92870
Santa Ana,92705
Lake Forest,92630
San Diego,92122
Huntington Beach,92647
Calabasas,91302
Corona,92881
San Marcos,92078
Colton,92324
Colton,92324
Laguna Niguel,92677
Corona,92879
Newport Beach,92660
San Clemente,92672
Carlsbad,92009
Carlsbad,92009
Carlsbad,92009
La Habra,90631
La Habra,90631
San Diego,92037
San Diego,92037
La Mesa,91941
La Mirada,90638
Buena Park,90620
La Verne,91750
Santa Ana,92705
Ladera Ranch,92694
Ladera Ranch,92694
Costa Mesa,92627
Laguna Niguel,92677
Laguna Beach,92651
Laguna Niguel,92677
Laguna Niguel,92677
Lake Forest,92630
Whittier,90601
Garden Grove,92840
Lakewood,90715
Garden Grove,92840
Bonsall,92003
Rancho Santa Margarita,92688
Escondido,92026
Lake Forest,92630
Perris,92570
Jurupa Valley,91752
Ontario,91764
Buena Park,90620
San Marcos,92078
San Juan Capistrano,92675
Norwalk,90650
,
Chino Hills,91709
Arcadia,91006
Newport Beach,92660
Newport Beach,92660
Tustin,92782
Riverside,92505
San Clemente,92673
Brea,92821
San Clemente,92673
Lake Forest,92630
Huntington Beach,92646
Cypress,90630
Lake Forest,92630
San Clemente,92673
Fullerton,92831
Yucaipa,92399
Corona,92881
Santa Ana,92704
Spring Valley,91978
Costa Mesa,92626
West Hollywood,90069
Vista,92083
March Air Reserve Base,92518
Tustin,92782
Costa Mesa,92626
Highland,92346
San Diego,92126
El Cajon,92019
San Marcos,92069
San Marcos,92078
Rancho Santa Margarita,92688
Santee,92071
San Diego,92120
San Diego,92108
Oceanside,92057
Orange,92869
Buena Park,90621
Corona,92879
Rialto,92377
Lake Forest,92630
Escondido,92029
Encinitas,92024
Anaheim,92801
Corona,92882
Fontana,92336
San Marcos,92078
Laguna Beach,92651
Laguna Hills,92653
Lake Forest,92630
Colton,
Azusa,91702
Temecula,92590
La Mesa,91941
Murrieta,92562
Murrietta,92562
Huntington Beach,92648
Pico Rivera,90660
Fountain Valley,92708
Gardena,90249
Santa Ana,92704
Huntington Beach,92647
Huntington Beach,92647
Laguna Niguel,92677
Laguna Niguel,92677
Capistrano Beach,92624
Newport Beach,92660
Yorba Linda,92887
Chula Vista,91911
San Diego,92127
Santee,92071
Irvine,92620
Irvine,92620
Irvine,92620
Perris,92570
Anaheim,92801
Rancho Santa Margarita,92688
Yucaipa,92320
Beaumont,92223
Oceanside,92057
Oceanside,92057
Oceanside,92056
Huntington Beach,92647
Santa ana,92703
Beaumont,92223
Newport Beach,92660
Newport Beach,92660
Huntington Beach,92648
Orange,92689
Pasadena,91103
Orange,92867
Orange,92868
Fullerton,92833
Corona,92882
Aliso Viejo,92656
Downey,90241
San Clemente,92672
San Diego,92130
Mission Viejo,92692
Encinitas,92024303136
,
Oceanside,92056
San Clemente,92673
Santa Ana,92704
Santa Ana,92704
San Clemente,92672
San Diego,92128
Laguna Niguel,92677
Long Beach,90804
Redlands,92374
El Cajon,92020
Santa Ana,92701
San Diego,92113
San Diego,92108
Riverside,92503
Irvine,92618
Irvine,92606
Irvine,92604
La Habra,90631
Chula Vista,91910
Carlsbad,92008
Irvine,92614
Azusa,91702
Riverside,92501
Costa Mesa,92627
Pauma Valley,92061
Laguna Beach,92651
San Diego,92126
Costa Mesa,92626
Corona,92879
Newport Beach,92660
San Diego,92130
Chino Hills,91709
Norwalk,90650
Placentia,92870
San Diego,92154
Laguna Hills,92653
Vista,92081
Huntington Beach,92649
Vista,92081
Yorba Linda,92887
San Diego,92108
Norco,92860
Mission Viejo,92692
Brea,92821
Temecula,92595
San Clemente,92673
San Clemente,92673
Los Angeles,90039
Upland,91786
Laguna Niguel,92677
Laguna Niguel,92677
Laguna Niguel,92677
Compton,90220
Carlsbad,92009
El Cajon,92109
Rialto,
Redlands,92408
Temecula,92590
San Jacinto,92582
La Mirada,90638
La Mirada,
La Mirada,90638
Santa Fe Springs,90670
Santa Fe Springs,90670
La Mirada,90638
La Mirada,90638
Anaheim,92806
Santee,92071
Fontana,92336
Corona,92880
Perris,92571
Pico Rivera,90660
Santa Ana,92706
Eastvale,92880
Riverside,92501
Lakeside,92040
Riverside,92505
Riverside,92505
Riverside,92503
Escondido,92026
Anaheim,92807
Riverside,92507
Corona,92881
Whittier,90601
Rosemead,91770
Irvine,92618
Rosemead,91770
Newport Beach,92663
Irvine,92602
Corona,92881
San Diego,92128
Irvine,92618
Vista,92084
Stanton,90680
San Clemente,92673
San Diego,92108
San Diego,92108
San Juan Capistrano,92675
San Juan Capistrano,92675
Oceanside,92054
Lake Forest,92630
Irvine,92602
Newport Beach,92657
Vista,92083
Santa Ana,92701
Oxnard,93036
Irwindale,
Westminster,92683
Westminster,92683
Westminster,92683
Rancho Cucamonga,91730
Rancho Cucamonga,
Rancho Cucamonga,91730
Encinitas,92024
San Diego,92117
San Clemente,92672
San Marcos,92078
San Diego,92130
Oceanside,92056
Huntington Beach,92648
San Diego,92154
San Marcos,92078
Newport Beach,92660
Corona,92880
Eastvale,92880
Rancho Mission Viejo,92694
Chino,91710
Aliso Viejo,92656
Vista,92081
Westminster,92841
Westminster,92683
San Clemente,92672
San Clemente,92673
Winchester,92596
Corona,92883
Rancho Santa Margarita,92688
Signal Hill,90804
Santa Ana,92705
Riverside,92508
Fontana,92336
Huntington BEach,92648
Orange,92865
Lake Forest,92630
,
Rancho Cucamonga,91730
Oceanside,92057
Corona,92882
Ontario,91761
Whittier,90601
Carson,90746
Riverside,92507
San Diego,92126
Buena Park,90621
Jurupa Valley,91752
Mira Loma,91752
Jurupa Valley,91752
Jurupa Valley,91752
Jurupa Valley,91752
Jurupa Valley,91752
Jurupa Valley,91752
Jurupa Valley,91752
Jurupa Valley,91752
Jurupa Valley,91752
Jurupa Valley,91752
Jurupa Valley,91752
Murrieta,92563
Long Beach,90803
Dana Point,92629
Rancho Cucamonga,91730
Temecula,92590
Hemet,92544
San Diego,92131
Laguna Niguel,92677
Newport Beach,92660
Huntington Beach,92648
Anaheim,92805
Riverside,92507
Riverside,92503
Fontana,92336
Anaheim,92804
Garden Grove,92845
El Cajon,92020
Spring Valley,92019
La Mesa,91942
Santa Ana,92703
Chula Vista,91915
Laguna Niguel,92677
Santa Ana,92703
Anaheim,92802
Moreno Valley,92557
Vista,92081
Huntington Beach,92648
Huntington Beach,92646
Newport Beach,92660
Spring Valley,91978
San Clemente,92673
San Clemente,92673
Irvine,92618
San Diego,92126
Jurupa Valley,92509
Tustin,92780
Whittier,90604
Temecula,92592
Corona Del Mar,92625
Carlsbad,92008
Redlands,92373
Vista,92083
Murrieta,92562
Newport Beach,92660
Bellflower,90706
Carlsbad,92010
Aliso Viejo,92656
Laguna Niguel,92677
San Marcos,92078
Ontario,91761
Redlands,92354
San Clemente,92673
Anaheim Hills,92808
Irvine,92612
Inglewood,90303
Lake Forest,92630
Orange,92866
Vista,92084
Temecula,92590
Costa Mesa,92626
Fontana,92336
Orange,92867
Laguna Woods,92637
Corona,92879
Walnut,91789
Corona,92880
Oceanside,92057
Fullerton,92833
San Marcos,92078
San Diego,92126
Fullerton,92831
Chula Vista,91911
Newport Beach,92660
Ontario,91764
Rancho Penasquitos,92129
San Clemente,92673
San Diego,92129
Chino,91708
Irvine,92603
Anaheim,92801
San Marcos,92078
Ontario,91761
San Diego,92130
San Clemente,92673
Rancho Cucamonga,91739
Santa Ana,92705
Garden Grove,92844
Escondido,92026
National City,91950
Irvine,92603
Irvine,92603
Tustin,92780
Tustin,92782
Tustin,92780
Tustin,92780
Irvine,92617
Irvine,92617
Irvine,92617
Irvine,92617
Irvine,92617
Irvine,92617
Beaumont,92223
Ontario,91761
Santa Ana,92705
San Diego,92111
Buena Park,90621
Corona,92879
Upland,91786
San Marcos,92069
Carlsbad,92008
Chino Hills,91709
Chula Vista,91910
Chula Vista,91910
City of Industry,91748
Coronado,92118
Encinitas,92024
Encinitas,92024
Escondido,92025
Fullerton,92832
Garden Grove,92840
Gardena,90247
Huntington Beach,92647
Huntington Beach,92648
La Jolla,92037
La Mesa,91942
Laguna Hills,92653
Chula Vista,91950
Newport Beach,92663
Oceanside,92054
Oceanside,92054
Poway,92064
Rancho Cucamonga,91730
Riverside,92509
Riverside,92503
Riverside,92507
San Bernardino,92404
San Diego,92110
San Diego,92120
San Diego,92101
San Diego,92111
San Diego,92117
San Diego,92119
San Diego,92106
Rancho Bernardo,92128
San Diego,92126
San Diego,92104
San Juan Capistrano,92675
Santee,92071
Spring Valley,91977
Temecula,92591
Tustin,92780
Vista,92084
Westminster,92683
Buena Park,90621
Buena Park,90620
Garden Grove,92845
Lake Forest,92630
Montebello,90840
Placentia,92870
Stanton,90690
Stanton,90680
San Diego,92126
San Diego,92105
Vista,92083
Escondido,92025
San Diego,92123
Carlsbad,92008
Del Mar,92014
San Diego,92131
Temecula,92590
Brea,92821
Downey,90241
Laguna Niguel,92677
Santa Fe Springs,90670
Whittier,90605
San Diego,92103
San Diego,92106
San Diego,92110
San Diego,92109
San Diego,92108
San Diego,92107
San Diego,92104
Hacienda Heights,91745
Los Alamitos,90720
Westminster,92683
San Ysidro,92173
Downey,90240
Norwalk,90650
Fullerton,92831
Mission Viejo,92691
Cerritos,90703
Los Alamitos,90720
Rancho Bernardo,92128
Escondido,92027
Irvine,92620
Oceanside,92056
Rancho Santa Margarita,92688
Costa Mesa,92627
Laguna Woods,92637
Upland,91786
Chino,91710
San Dimas,91773
Claremont,91711
Yorba Linda,92886
Alta Loma,91701
Rancho Cucamonga,91701
Upland,91784
La Verne,91750
Montclair,91763
Ontario,
Rancho Cucamonga,91730
Corona,92879
Fontana,92336
Chino,91710
Yucaipa,92399
Corona,92880
Ontario,91761
Moreno Valley,92555
Rancho Cucamonga,91730
Blue Jay,92317
Hawthorne,90250
Hemet,92543
Long Beach,90803
National City,91950
San Gabriel,91776
Arcadia,91007
Signal Hill,90755
Paramount,90723
Victorville,92395
Arcadia,91006
Sun City,92586
Victorville,92395
Banning,92220
Glendora,91740
Apple Valley,92308
Adelanto,92301
Temecula,92592
Lemon Grove,91945
Riverside,92501
San Diego,92126
Santa Ana,92707
Garden Grove,92843
Rancho Cucamonga,91739
San Marcos,92069
Newport Beach,92663
Hacienda Heights,91745
San Diego,92124
San Diego,92124
Corona,92882
San Marcos,92075
Carlsbad,92008
Baldwin Park,91706
San Marcos,92069
Temecula,92592
Vista,92084
San Clemente,92672
Rancho Santa Margarita,92688
Vista,92081
Oceanside,92057
Vista,92083
Irvine,92602
Santa Ana,92701
Alta Loma,91737
Huntington Beach,92648
San Clemente,92673
Costa Mesa,92627
Fullerton,92833
Costa Mesa,92627
Fallbrook,92028
Irvine,92614
Lake Forest,92630
Temecula,92590
Costa Mesa,92627
San Diego,92127
Solana Beach,92075
Beaumont,92223
San Diego,92104
San Diego,92127
Laguna Hills,92653
Laguna Niguel,92677
Alpine,91901
Anaheim,92807
Apple Valley,92308
Arcadia,91006
ARCADIA,91007
Azusa,91702
San Diego,92111
Beaumont,92223
Bellflower,90706
Long Beach,90807
San Diego,92126
Huntington Beach,92647
Bonita,91902
Brea,92821
Brea,92821
Chula Vista,91911
Fountain Valley,92708
Temecula,92592
San Diego,92130
Spring Valley,91977
Cerritos,90703
Cerritos,90703
Chino Hills,91709
Chula Vista,91910
Chula Vista,91911
Redlands,92374
Claremont,91711
San Diego,92115
Coronado,92118
San Clemente,92673
San Clemente,92673
San Clemente,92673
San Clemente,92673
San Clemente,92673
Rancho Santa Margarita,92688
Covina,91723
Covina,91723
Covina,91722
Laguna Niguel,92677
Irvine,92620
San Diego,92130
Downey,90241
Santa Ana,92705
Corona,92883
HIGHLAND,92346
Los Angeles,90022
EL MONTE,91731
Encinitas,92024
Escondido,92029
Escondido,92025
Fontana,92336
Fallbrook,92028
Fontana,92336
Foothill Ranch,92610
Fountain Valley,92708
FULLERTON,92835
Garden Grove,92840
Glendora,91740
HUNTINGTON BEACH,92647
La Mesa,91942
Hemet,92543
Murrieta,92563
HESPERIA,92345
Hesperia,92345
San Bernardino,92405
El Cajon,92020
Irvine,92604
San Diego,92123
Carlsbad,92009
La Habra,90631
La Habra,90631
La Jolla,92037
La Mirada,90638
La Verne,91750
Lake Elsinore,92532
LAKE ELSINORE,92532
Lake Forest,92630
LA MESA,91942
Lakewood,90712
Long Beach,90804
Newport Beach,92663
MENIFEE,92584
San Diego,92126
San Diego,92120
San Diego,92103
Riverside,92508
Montclair,91763
Monterey Park,91754
Moreno Valley,92555
Murrieta,92562
National City,91950
Huntington Beach,92648
Newport Beach,92660
Alhambra,91801
SEAL BEACH,90740
Ontario,91762
Ontario,91764
Orange,92865
San Diego,92154
San Diego,92109
San Diego,92130
Perris,92571
Pico Rivera,90660
Placentia,92870
San Diego,92106
Pomona,91767
Poway,92064
City Of Industry,91748
Oceanside,92056
San Diego,92128
Rancho Cucamonga,91730
Oceanside,92056
El Cajon,92019
Redlands,92373
Rialto,92376
San Diego,92115
Rosemead,91770
Laguna Niguel,92677
San Clemente,92672
San Juan Capistrano,92675
San Marcos,92078
San Marino,91108
Santa Fe Springs,90670
Santee,92071
San Diego,92131
Fontana,92337
FONTANA,92336
Murrieta,92563
Solana Beach,92075
Chino Hills,91709
Santa Ana,92704
Ontario,91761
South Pasadena,91030
Anaheim,92806
SUN CITY,92586
Temple City,91780
Riverside,92503
Moreno Valley,92553
Tustin,92780
TUSTIN,92782
Orange,92867
Upland,91784
Upland,91786
Del Mar,92014
RANCHO CUCAMONGA,91739
Victorville,92395
Villa Park,92861
Vista,92083
Santa Ana,92707
West Covina,91792
Oceanside,92054
Westminster,92683
Whittier,90602
Temecula,92591
Yorba Linda,92886
Irvine,92614
Encinitas,92024
Tustin,92780
Irvine,92618
Westminster,92683
San Diego,92126
Wildomar,92530
Oceanside,92056
Aliso Viejo,92656
Anaheim,92807
Anaheim,92807
Rancho Cucamonga,91739
Lake Forest,92630
San Diego,92119
Fontana,92336